{
  "<80% (no-hit)": {
    "count": 99350,
    "percentage": 63.97254364105833
  },
  "80-85%": {
    "count": 10141,
    "percentage": 6.529900000643911
  },
  "85-90%": {
    "count": 18342,
    "percentage": 11.810612938744761
  },
  "90-95%": {
    "count": 19775,
    "percentage": 12.733337196798475
  },
  "95-99%": {
    "count": 6387,
    "percentage": 4.112658643537389
  },
  "99-100%": {
    "count": 542,
    "percentage": 0.3489996844836801
  },
  "100%": {
    "count": 764,
    "percentage": 0.4919478947334531
  }
}